variant,min_mean,min_sd,max_mean,max_sdATGGGCAGCAGCCATCAT,1833.3,88.2,3096,142.8ATGGGGAGCAGTCATCAT,754.7,70.7,4469,171.9ATGGGGAGCAGCCATCAT,688.3,59.4,2260.7,112.5ATGGGGAGTAGCCATCAT,1049.2,28.6,2842.5,38.6ATGGGGAGCAGTCATCAC,556.5,13.4,1685.3,73.8ATGGGAAGCTCCCACCAC,205.1,11.5,900.9,38.6ATGGGGAGCTCCCATCAC,116.5,26.7,534.4,40.8ATGGGAAGCTCCCACCAT,197.1,52.9,1041.6,37.6ATGGGAAGCTCTCATCAC,263.8,12,1596.5,23.2ATGGGCAGCTCCCACCAC,282.7,26.5,733.4,102.2ATGGGAAGCTCACACCAT,270.8,39.8,1151.5,72.8ATGGGTAGCTCCCATCAC,122.1,29.3,332.7,15.7ATGGGTAGTTCCCACCAC,513.2,38.8,1339.5,25.5ATGGGGAGTTCACACCAT,678.9,62.9,5394.2,170.7ATGGGAAGCAGTCATCAT,459.1,47.8,7231.6,118.1ATGGGAAGTAGCCATCAC,642.3,31.3,4808.8,122.9ATGGGGAGTTCTCATCAT,740.9,6,4914.6,218.8ATGGGCTCCTCCCACCAT,229.3,21.7,492.7,10.5ATGGGTAGCTCTCATCAT,674.3,31.2,3184,48.2ATGGGTTCAAGTCACCAT,5376.3,310.9,10962.9,239.6ATGGGCTCGTCGCACCAT,276.9,22.7,554.8,62.3ATGGGCTCCAGCCACCAC,392.4,22.6,995,26.5ATGGGTTCGTCGCATCAC,736.3,33.5,1124.8,40.6ATGGGCTCGTCGCACCAC,401.7,35.5,643.7,19.4