variant,min_mean,min_sd,max_mean,max_sdATGGGAAGCAGTCATCAT,459.1,47.8,7231.6,118.1ATGGGAAGCTCACACCAT,270.8,39.8,1151.5,72.8ATGGGAAGCTCCCACCAC,205.1,11.5,900.9,38.6ATGGGAAGCTCCCACCAT,197.1,52.9,1041.6,37.6ATGGGAAGCTCTCATCAC,263.8,12.0,1596.5,23.2ATGGGAAGTAGCCATCAC,642.3,31.3,4808.8,122.9ATGGGCAGCAGCCATCAT,1851.2,,2652.8,ATGGGCAGCTCCCACCAC,282.7,26.5,733.4,102.2ATGGGCAGTAGCCACCAT,2378.6,4.2,3878.8,94.2ATGGGCTCCAGCCACCAC,392.4,22.6,995.0,26.5ATGGGCTCCTCCCACCAT,229.3,21.7,492.7,10.5ATGGGCTCGTCGCACCAC,401.7,35.5,643.7,19.4ATGGGCTCGTCGCACCAT,276.9,22.7,554.8,62.3ATGGGGAGCAGCCACCAT,933.0,29.7,1552.6,22.3ATGGGGAGCAGCCATCAT,688.3,59.4,2260.7,112.5ATGGGGAGCAGTCATCAC,556.5,13.4,1685.3,73.8ATGGGGAGCAGTCATCAT,1379.0,,3341.2,ATGGGGAGCTCCCATCAC,116.5,26.7,534.4,40.8ATGGGGAGTAGCCATCAT,1049.2,28.6,2842.5,38.6ATGGGGAGTTCACACCAT,678.9,62.9,5394.2,170.7ATGGGGAGTTCTCATCAT,740.9,6.0,4914.6,218.8ATGGGTAGCAGCCACCAC,838.4,13.5,2194.8,40.4ATGGGTAGCAGCCACCAT,1325.4,33.2,2900.4,15.3ATGGGTAGCAGCCATCAT,2809.5,83.8,4899.5,124.7ATGGGTAGCAGTCACCAT,3489.4,68.8,4535.6,155.5ATGGGTAGCAGTCATCAC,2883.6,92.4,3340.2,98.7ATGGGTAGCTCCCATCAC,122.1,29.3,332.7,15.7ATGGGTAGCTCTCATCAT,674.3,31.2,3184.0,48.2ATGGGTAGTAGCCACCAC,832.0,22.2,3104.1,36.8ATGGGTAGTAGCCATCAC,1259.9,43.3,2777.8,76.6ATGGGTAGTAGTCACCAC,865.1,42.4,1348.4,95.6ATGGGTAGTTCCCACCAC,513.2,38.8,1339.5,25.5ATGGGTTCAAGTCACCAT,5376.3,310.9,10962.9,239.6ATGGGTTCGTCGCATCAC,736.3,33.5,1124.8,40.6